Workbook

Sheet SST
A1: Date | B1: SST
A2: 32144 | B2: 24.02
A3: 32145 | B3: 23.86
A4: 32152 | B4: 23.86
A5: 32154 | B5: 25.58
A6: 32159 | B6: 25.56
A7: 32160 | B7: 25.62
A8: 32161 | B8: 24.67
A9: 32162 | B9: 24.4
A10: 32163 | B10: 23.49
A11: 32168 | B11: 23.56
A12: 32170 | B12: 24.37
A13: 32171 | B13: 23.91
... A4719: 44195 | B4719: 4.5541808

Sheet Rainfall
A1: Date | B1: RAIN
A2: 32143 | B2: 0
A3: 32144 | B3: 0.36708367
A4: 32145 | B4: 0
A5: 32146 | B5: 0
A6: 32147 | B6: 0
A7: 32148 | B7: 0
A8: 32149 | B8: 0
A9: 32150 | B9: 0
A10: 32151 | B10: 0
A11: 32152 | B11: 0
A12: 32153 | B12: 0
A13: 32154 | B13: 0
... A12175: 44316 | B12175: 0

Sheet Hprop_clim
A1: NEST_ID | B1: MALE_ID | C1: AGEMALE | D1: FEMALEID | E1: AGEFEM | F1: CLUTCH_SIZE | G1: BROOD_SIZE | H1: MEAN_LAY_Date | I1: PROPORTIONALRANK | J1: YEAR | K1: HATC_PROP | L1: HATCH_DATE | M1: LAY_DATE_Rand | N1: JULIAN_LAY_DAY | O1: JULIAN_HATCH_DAY
A2: 93-751 | B2: d353 | C2: 6 | D2: a723 | E2: 4 | F2: 2 | G2: 0 | H2: 34067 | I2: 0.7904269 | J2: 1993 | K2: 0 | L2: 34107 | M2: 34067 | N2: 95 | O2: 135
A3: 93-723 | B3: a691 | C3: 4 | D3: a564 | E3: 4 | F3: 2 | G3: 1 | H3: 34065 | I3: 0.7503234 | J3: 1993 | K3: 0.5 | L3: 34105 | M3: 34065 | N3: 92 | O3: 132
A4: 93-719 | B4: a300 | C4: 4 | D4: a227 | E4: 4 | F4: 2 | G4: 1 | H4: 34064 | I4: 0.7503234 | J4: 1993 | K4: 0.5 | L4: 34104 | M4: 34064 | N4: 92 | O4: 132
A5: 93-674 | B5: a607 | C5: 4 | D5: a696 | E5: 4 | F5: 2 | G5: 2 | H5: 34061 | I5: 0.7063389 | J5: 1993 | K5: 1 | L5: 34101 | M5: 34061 | N5: 89 | O5: 129
A6: 93-655 | B6: a252 | C6: 4 | D6: a327 | E6: 4 | F6: 3 | G6: 2 | H6: 34060 | I6: 0.6720569 | J6: 1993 | K6: 0.66666667 | L6: 34100 | M6: 34060 | N6: 86 | O6: 126
A7: 93-602 | B7: a344 | C7: 4 | D7: a083 | E7: 5 | F7: 2 | G7: 2 | H7: 34052 | I7: 0.614489 | J7: 1993 | K7: 1 | L7: 34092 | M7: 34052 | N7: 80 | O7: 120
A8: 93-611 | B8: a326 | C8: 4 | D8: a278 | E8: 4 | F8: 1 | G8: 1 | H8: 34049 | I8: 0.614489 | J8: 1993 | K8: 1 | L8: 34089 | M8: 34049 | N8: 80 | O8: 120
A9: 93-475 | B9: a767 | C9: 4 | D9: a484 | E9: 4 | F9: 2 | G9: 2 | H9: 34039 | I9: 0.435317 | J9: 1993 | K9: 1 | L9: 34079 | M9: 34039 | N9: 66 | O9: 106
A10: 94-1515 | B10: d533 | C10: 7 | D10: a723 | E10: 5 | F10: 2 | G10: 2 | H10: 34475 | I10: 0.9632803 | J10: 1994 | K10: 1 | L10: 34515 | M10: 34475 | N10: 140 | O10: 180
A11: 94-1477 | B11: a482 | C11: 5 | D11: a109 | E11: 6 | F11: 3 | G11: 0 | H11: 34459 | I11: 0.9161566 | J11: 1994 | K11: 0 | L11: 34499 | M11: 34459 | N11: 119 | O11: 159
A12: 94-1475 | B12: a411 | C12: 5 | D12: a567 | E12: 5 | F12: 2 | G12: 2 | H12: 34456 | I12: 0.9161566 | J12: 1994 | K12: 1 | L12: 34496 | M12: 34456 | N12: 119 | O12: 159
A13: 94-1474 | B13: b223 | C13: 3 | D13: b091 | E13: 3 | F13: 2 | G13: 0 | H13: 34455 | I13: 0.9161566 | J13: 1994 | K13: 0 | L13: 34495 | M13: 34455 | N13: 119 | O13: 159
... A2442: 19-352 | B2442: u360 | C2442: 8 | D2442: r778 | E2442: 11 | F2442: 2 | G2442: 2 | H2442: 43523 | I2442: 0.04836895 | J2442: 2019 | K2442: 1 | L2442: 43563 | M2442: 43523 | N2442: 58 | O2442: 98

Sheet Fprop_clim
A1: NEST_ID | B1: MALE_ID | C1: AGEMALE | D1: FEMALEID | E1: AGEFEM | F1: CLUTCH_SIZE | G1: BROOD_SIZE | H1: FLEDGED | I1: YEAR | J1: FLEDGED_PROP | K1: MEAN_HATCH_DATE | L1: MEAN_FLEDGING_DATE | M1: HATCH_DATE_Rand | N1: JULIAN_HATCH_DAY
A2: 95-145 | B2: a017 | C2: 7 | D2: a740 | E2: 6 | F2: 2 | G2: 2 | H2: 2 | I2: 1995 | J2: 1 | K2: 34827 | L2: 34897 | M2: 34827 | N2: 126
A3: 02-388 | B3: a127 | C3: 14 | D3: a743 | E3: 13 | F3: 2 | G3: 1 | H3: 1 | I3: 2002 | J3: 1 | K3: 37358 | L3: 37428 | M3: 37358 | N3: 101
A4: 99-1324 | B4: a160 | C4: 11 | D4: b185 | E4: 8 | F4: 2 | G4: 2 | H4: 1 | I4: 1999 | J4: 0.5 | K4: 36327 | L4: 36397 | M4: 36327 | N4: 163
A5: 05-318 | B5: a204 | C5: 16 | D5: j199 | E5: 5 | F5: 2 | G5: 2 | H5: 1 | I5: 2005 | J5: 0.5 | K5: 38489 | L5: 38559 | M5: 38489 | N5: 134
A6: 05-606 | B6: a213 | C6: 16 | D6: f442 | E6: 9 | F6: 1 | G6: 1 | H6: 1 | I6: 2005 | J6: 1 | K6: 38501 | L6: 38571 | M6: 38501 | N6: 148
A7: 95-400 | B7: a239 | C7: 6 | D7: a763 | E7: 6 | F7: 2 | G7: 2 | H7: 2 | I7: 1995 | J7: 1 | K7: 34831 | L7: 34901 | M7: 34831 | N7: 130
A8: 01-971 | B8: a239 | C8: 12 | D8: a763 | E8: 12 | F8: 2 | G8: 1 | H8: 1 | I8: 2001 | J8: 1 | K8: 37016 | L8: 37086 | M8: 37016 | N8: 129
A9: 95-853 | B9: a248 | C9: 6 | D9: b185 | E9: 4 | F9: 2 | G9: 1 | H9: 1 | I9: 1995 | J9: 1 | K9: 34873 | L9: 34943 | M9: 34873 | N9: 173
A10: 93-655 | B10: a252 | C10: 4 | D10: a327 | E10: 4 | F10: 3 | G10: 2 | H10: 0 | I10: 1993 | J10: 0 | K10: 34100 | L10: 34170 | M10: 34100 | N10: 126
A11: 01-561 | B11: a252 | C11: 12 | D11: f415 | E11: 5 | F11: 2 | G11: 1 | H11: 1 | I11: 2001 | J11: 1 | K11: 37005 | L11: 37075 | M11: 37005 | N11: 114
A12: 95-769 | B12: a259 | C12: 6 | D12: a385 | E12: 6 | F12: 1 | G12: 1 | H12: 0 | I12: 1995 | J12: 0 | K12: 34861 | L12: 34931 | M12: 34861 | N12: 164
A13: 94-1073 | B13: a270 | C13: 5 | D13: a227 | E13: 5 | F13: 2 | G13: 1 | H13: 1 | I13: 1994 | J13: 1 | K13: 34450 | L13: 34520 | M13: 34450 | N13: 117
... A967: 17-585 | B967: x707 | C967: 5 | D967: n973 | E967: 11 | F967: 2 | G967: 2 | H967: 0 | I967: 2017 | J967: 0 | K967: 42807 | L967: 42877 | M967: 42807 | N967: 73

Sheet BD_clim
A1: NEST_ID | B1: CLUTCH_SIZE | C1: BROOD_SIZE | D1: Mean_fledge_date | E1: Status | F1: Year | G1: body_condition | H1: MALE_ID | I1: AGEMALE | J1: FEMALEID | K1: AGEFEM | L1: JULIAN_HATCH_DAY_RAND | M1: JULIAN_HATCH_DAY
A2: 95-145 | B2: 2 | C2: 2 | D2: 34895 | E2: 1 | F2: 1995 | G2: 0.042827084 | H2: a017 | I2: 7 | J2: a740 | K2: 6 | L2: 34825 | M2: =VLOOKUP(A2,Fprop_clim!A:N,14,FALSE) -> 126
A3: 95-264 | B3: 2 | C3: 1 | D3: 34895 | E3: 1 | F3: 1995 | G3: -0.016925862 | H3: b243 | I3: 4 | J3: a327 | K3: 6 | L3: 34825 | M3: =VLOOKUP(A3,Fprop_clim!A:N,14,FALSE) -> 126
A4: 95-400 | B4: 2 | C4: 2 | D4: 34899 | E4: 1 | F4: 1995 | G4: -0.20855393 | H4: a239 | I4: 6 | J4: a763 | K4: 6 | L4: 34829 | M4: =VLOOKUP(A4,Fprop_clim!A:N,14,FALSE) -> 130
A5: 95-254 | B5: 2 | C5: 2 | D5: 34898 | E5: 1 | F5: 1995 | G5: -0.29451769 | H5: a534 | I5: 6 | J5: a417 | K5: 6 | L5: 34828 | M5: =VLOOKUP(A5,Fprop_clim!A:N,14,FALSE) -> 129
A6: 96-729 | B6: 2 | C6: 2 | D6: 35249 | E6: 1 | F6: 1996 | G6: -0.16847106 | H6: a537 | I6: 7 | J6: a286 | K6: 7 | L6: 35179 | M6: =VLOOKUP(A6,Fprop_clim!A:N,14,FALSE) -> 115
A7: 96-827 | B7: 2 | C7: 1 | D7: 35251 | E7: 1 | F7: 1996 | G7: 0.10841639 | H7: b307 | I7: 5 | J7: a587 | K7: 7 | L7: 35181 | M7: =VLOOKUP(A7,Fprop_clim!A:N,14,FALSE) -> 117
A8: 97-1018 | B8: 2 | C8: 1 | D8: 35607 | E8: 1 | F8: 1997 | G8: -0.044418411 | H8: e326 | I8: 3 | J8: f113 | K8: 2 | L8: 35537 | M8: =VLOOKUP(A8,Fprop_clim!A:N,14,FALSE) -> 107
A9: 97-1126 | B9: 1 | C9: 1 | D9: 35638 | E9: 1 | F9: 1997 | G9: -0.17684597 | H9: c966 | I9: 3 | J9: c617 | K9: 3 | L9: 35568 | M9: =VLOOKUP(A9,Fprop_clim!A:N,14,FALSE) -> 138
A10: 97-392 | B10: 2 | C10: 1 | D10: 35586 | E10: 1 | F10: 1997 | G10: 0.0088518914 | H10: b889 | I10: 3 | J10: b945 | K10: 3 | L10: 35516 | M10: =VLOOKUP(A10,Fprop_clim!A:N,14,FALSE) -> 86
A11: 97-990 | B11: 2 | C11: 1 | D11: 35600 | E11: 1 | F11: 1997 | G11: 0.18593611 | H11: c529 | I11: 3 | J11: f052 | K11: 2 | L11: 35530 | M11: =VLOOKUP(A11,Fprop_clim!A:N,14,FALSE) -> 100
A12: 98-678 | B12: 2 | C12: 2 | D12: 35986 | E12: 1 | F12: 1998 | G12: 0.044812723 | H12: a469 | I12: 9 | J12: b125 | K12: 7 | L12: 35916 | M12: =VLOOKUP(A12,Fprop_clim!A:N,14,FALSE) -> 121
A13: 99-736 | B13: 2 | C13: 2 | D13: 36324 | E13: 1 | F13: 1999 | G13: -0.044418411 | H13: b844 | I13: 5 | J13: f557 | K13: 3 | L13: 36254 | M13: =VLOOKUP(A13,Fprop_clim!A:N,14,FALSE) -> 94
... A351: 12-440 | B351: 2 | C351: 2 | D351: 41100 | E351: 2 | F351: 2012 | G351: -0.35060716 | H351: f800 | I351: 16 | J351: s167 | K351: 4 | L351: 41030 | M351: =VLOOKUP(A351,Fprop_clim!A:N,14,FALSE) -> 118
A352: 12-480 | B352: 2 | C352: 1 | D352: 41087 | E352: NA | F352: 2012 | G352: 0.040604195 | H352: p682 | I352: 5 | J352: h196 | K352: 15 | L352: 41017 | M352: =VLOOKUP(A352,Fprop_clim!A:N,14,FALSE) -> 109
A353: 12-488 | B353: 2 | C353: 2 | D353: 41094 | E353: 2 | F353: 2012 | G353: -0.072111347 | H353: j059 | I353: 13 | J353: s822 | K353: 3 | L353: 41024 | M353: =VLOOKUP(A353,Fprop_clim!A:N,14,FALSE) -> 112
A354: 12-527 | B354: 2 | C354: 2 | D354: 41100 | E354: 2 | F354: 2012 | G354: -0.16524786 | H354: s394 | I354: 4 | J354: t456 | K354: 3 | L354: 41030 | M354: =VLOOKUP(A354,Fprop_clim!A:N,14,FALSE) -> 115
A355: 12-534 | B355: 2 | C355: 2 | D355: 41100 | E355: 2 | F355: 2012 | G355: -0.10874292 | H355: s327 | I355: 4 | J355: p202 | K355: 5 | L355: 41030 | M355: =VLOOKUP(A355,Fprop_clim!A:N,14,FALSE) -> 118
A356: 12-564 | B356: 2 | C356: 2 | D356: 41107 | E356: 2 | F356: 2012 | G356: -0.24227431 | H356: p562 | I356: 5 | J356: j006 | K356: 13 | L356: 41037 | M356: =VLOOKUP(A356,Fprop_clim!A:N,14,FALSE) -> 127
A357: 12-672 | B357: 2 | C357: 2 | D357: 41113 | E357: 2 | F357: 2012 | G357: -0.086527269 | H357: p699 | I357: 5 | J357: p440 | K357: 5 | L357: 41043 | M357: =VLOOKUP(A357,Fprop_clim!A:N,14,FALSE) -> 122
A358: 12-678 | B358: 3 | C358: 2 | D358: 41107 | E358: 2 | F358: 2012 | G358: 0.058544556 | H358: r560 | I358: 4 | J358: l058 | K358: 10 | L358: 41037 | M358: =VLOOKUP(A358,Fprop_clim!A:N,14,FALSE) -> 122
A359: 12-719 | B359: 2 | C359: 2 | D359: 41107 | E359: 2 | F359: 2012 | G359: -0.19694394 | H359: r682 | I359: 4 | J359: r307 | K359: 4 | L359: 41037 | M359: =VLOOKUP(A359,Fprop_clim!A:N,14,FALSE) -> 122
A360: 12-740 | B360: 2 | C360: 1 | D360: 41094 | E360: NA | F360: 2012 | G360: 0.030704247 | H360: g697 | I360: 15 | J360: t051 | K360: 3 | L360: 41024 | M360: =VLOOKUP(A360,Fprop_clim!A:N,14,FALSE) -> 116
A361: 12-746 | B361: 2 | C361: 1 | D361: 41097 | E361: NA | F361: 2012 | G361: 0.00012573541 | H361: o193 | I361: 6 | J361: h348 | K361: 15 | L361: 41027 | M361: =VLOOKUP(A361,Fprop_clim!A:N,14,FALSE) -> 119
A362: 12-760 | B362: 3 | C362: 2 | D362: 41077 | E362: 2 | F362: 2012 | G362: -0.10832927 | H362: i864 | I362: 13 | J362: o166 | K362: 6 | L362: 41007 | M362: =VLOOKUP(A362,Fprop_clim!A:N,14,FALSE) -> 92
A363: 12-824 | B363: 3 | C363: 2 | D363: 41077 | E363: 2 | F363: 2012 | G363: -0.2544329 | H363: o185 | I363: 6 | J363: i764 | K363: 13 | L363: 41007 | M363: =VLOOKUP(A363,Fprop_clim!A:N,14,FALSE) -> 98
A364: 12-984 | B364: 3 | C364: 3 | D364: 41077 | E364: 2 | F364: 2012 | G364: -0.072996529 | H364: o349 | I364: 6 | J364: h439 | K364: 14 | L364: 41007 | M364: =VLOOKUP(A364,Fprop_clim!A:N,14,FALSE) -> 98
A365: 12-515 | B365: 2 | C365: 2 | D365: 41099 | E365: 2 | F365: 2012 | G365: -0.083751394 | H365: i021 | I365: 13 | J365: o539 | K365: 6 | L365: 41029 | M365: =VLOOKUP(A365,Fprop_clim!A:N,14,FALSE) -> 116
A366: 12-1077 | B366: 2 | C366: 1 | D366: 41097 | E366: 2 | F366: 2012 | G366: -0.012635094 | H366: r548 | I366: 4 | J366: g770 | K366: 15 | L366: 41027 | M366: =VLOOKUP(A366,Fprop_clim!A:N,14,FALSE) -> 113
A367: 14-1079 | B367: 2 | C367: 1 | D367: 41840 | E367: 2 | F367: 2014 | G367: -0.41267643 | H367: j373 | I367: 14 | J367: s313 | K367: 6 | L367: 41770 | M367: =VLOOKUP(A367,Fprop_clim!A:N,14,FALSE) -> 125
A368: 17-005 | B368: 2 | C368: 2 | D368: 42850 | E368: 2 | F368: 2017 | G368: 0.019727097 | H368: r973 | I368: 9 | J368: p998 | K368: 9 | L368: 42780 | M368: =VLOOKUP(A368,Fprop_clim!A:N,14,FALSE) -> 40
A369: 17-1002 | B369: 2 | C369: 2 | D369: 42859 | E369: 2 | F369: 2017 | G369: -0.10275823 | H369: m215 | I369: 13 | J369: o082 | K369: 11 | L369: 42789 | M369: =VLOOKUP(A369,Fprop_clim!A:N,14,FALSE) -> 80
A370: 17-1100 | B370: 2 | C370: 2 | D370: 42892 | E370: 2 | F370: 2017 | G370: -0.076713951 | H370: r120 | I370: 9 | J370: s082 | K370: 9 | L370: 42822 | M370: =VLOOKUP(A370,Fprop_clim!A:N,14,FALSE) -> 85
A371: 17-118 | B371: 2 | C371: 2 | D371: 42850 | E371: 2 | F371: 2017 | G371: 0.18651532 | H371: u683 | I371: 6 | J371: p355 | K371: 10 | L371: 42780 | M371: =VLOOKUP(A371,Fprop_clim!A:N,14,FALSE) -> 41
A372: 17-1400 | B372: 2 | C372: 1 | D372: 42938 | E372: 2 | F372: 2017 | G372: -0.41003058 | H372: s124 | I372: 9 | J372: p803 | K372: 10 | L372: 42868 | M372: =VLOOKUP(A372,Fprop_clim!A:N,14,FALSE) -> 127
A373: 17-1405 | B373: 2 | C373: 1 | D373: 42935 | E373: 2 | F373: 2017 | G373: -0.13836866 | H373: n568 | I373: 11 | J373: j351 | K373: 17 | L373: 42865 | M373: =VLOOKUP(A373,Fprop_clim!A:N,14,FALSE) -> 127
... A512: 18-1483 | B512: 3 | C512: 2 | D512: 43306 | E512: 3 | F512: 2018 | G512: -0.47320948 | H512: x219 | I512: 6 | J512: s988 | K512: 9 | L512: 43236 | M512: =VLOOKUP(A512,Fprop_clim!A:N,14,FALSE) -> 127

Sheet Hprop_bayes
A1: NEST_ID | B1: MALE_ID | C1: AGEMALE | D1: FEMALEID | E1: AGEFEM | F1: CLUTCH_SIZE | G1: BROOD_SIZE | H1: MEAN_LAY_Date | I1: YEAR | J1: HATC_PROP | K1: HATCH_DATE | L1: LAY_DATE_Rand | M1: JULIAN_LAY_DAY | N1: SST | O1: RAINFALL
A2: 93-751 | B2: d353 | C2: 6 | D2: a723 | E2: 4 | F2: 2 | G2: 0 | H2: 34067 | I2: 1993 | J2: 0 | K2: 34107 | L2: 34067 | M2: 95 | N2: 25.175844 | O2: 0.00012204305
A3: 93-723 | B3: a691 | C3: 4 | D3: a564 | E3: 4 | F3: 2 | G3: 1 | H3: 34065 | I3: 1993 | J3: 0.5 | K3: 34105 | L3: 34065 | M3: 92 | N3: 25.175844 | O3: 0.00012204305
A4: 93-719 | B4: a300 | C4: 4 | D4: a227 | E4: 4 | F4: 2 | G4: 1 | H4: 34064 | I4: 1993 | J4: 0.5 | K4: 34104 | L4: 34064 | M4: 92 | N4: 25.175844 | O4: 0.00012204305
A5: 93-674 | B5: a607 | C5: 4 | D5: a696 | E5: 4 | F5: 2 | G5: 2 | H5: 34061 | I5: 1993 | J5: 1 | K5: 34101 | L5: 34061 | M5: 89 | N5: 24.861077 | O5: 0.00012204305
A6: 93-655 | B6: a252 | C6: 4 | D6: a327 | E6: 4 | F6: 3 | G6: 2 | H6: 34060 | I6: 1993 | J6: 0.66666667 | K6: 34100 | L6: 34060 | M6: 86 | N6: 24.861077 | O6: 0.00012204305
A7: 93-602 | B7: a344 | C7: 4 | D7: a083 | E7: 5 | F7: 2 | G7: 2 | H7: 34052 | I7: 1993 | J7: 1 | K7: 34092 | L7: 34052 | M7: 80 | N7: 24.501449 | O7: 0.00012204305
A8: 93-611 | B8: a326 | C8: 4 | D8: a278 | E8: 4 | F8: 1 | G8: 1 | H8: 34049 | I8: 1993 | J8: 1 | K8: 34089 | L8: 34049 | M8: 80 | N8: 24.501449 | O8: 0.00012204305
A9: 93-475 | B9: a767 | C9: 4 | D9: a484 | E9: 4 | F9: 2 | G9: 2 | H9: 34039 | I9: 1993 | J9: 1 | K9: 34079 | L9: 34039 | M9: 66 | N9: 24.246809 | O9: 0.00012204305
A10: 94-1515 | B10: d533 | C10: 7 | D10: a723 | E10: 5 | F10: 2 | G10: 2 | H10: 34475 | I10: 1994 | J10: 1 | K10: 34515 | L10: 34475 | M10: 140 | N10: 28.743932 | O10: 0.00012204305
A11: 94-1477 | B11: a482 | C11: 5 | D11: a109 | E11: 6 | F11: 3 | G11: 0 | H11: 34459 | I11: 1994 | J11: 0 | K11: 34499 | L11: 34459 | M11: 119 | N11: 27.623951 | O11: 0.00012204305
A12: 94-1475 | B12: a411 | C12: 5 | D12: a567 | E12: 5 | F12: 2 | G12: 2 | H12: 34456 | I12: 1994 | J12: 1 | K12: 34496 | L12: 34456 | M12: 119 | N12: 27.623951 | O12: 0.00012204305
A13: 94-1474 | B13: b223 | C13: 3 | D13: b091 | E13: 3 | F13: 2 | G13: 0 | H13: 34455 | I13: 1994 | J13: 0 | K13: 34495 | L13: 34455 | M13: 119 | N13: 27.111797 | O13: 0.00012204305
... A2442: 19-352 | B2442: u360 | C2442: 8 | D2442: r778 | E2442: 11 | F2442: 2 | G2442: 2 | H2442: 43523 | I2442: 2019 | J2442: 1 | K2442: 43563 | L2442: 43523 | M2442: 58 | N2442: 24.517614 | O2442: 0.00012204305

Sheet Fprop_bayes
A1: NEST_ID | B1: MALE_ID | C1: AGEMALE | D1: FEMALEID | E1: AGEFEM | F1: CLUTCH_SIZE | G1: BROOD_SIZE | H1: FLEDGED | I1: YEAR | J1: FLEDGED_PROP | K1: MEAN_HATCH_DATE | L1: MEAN_FLEDGING_DATE | M1: HATCH_DATE_Rand | N1: JULIAN_HATCH_DAY | O1: RAINtrue
A2: 95-145 | B2: a017 | C2: 7 | D2: a740 | E2: 6 | F2: 2 | G2: 2 | H2: 2 | I2: 1995 | J2: 1 | K2: 34827 | L2: 34897 | M2: 34827 | N2: 126 | O2: 23.396154
A3: 02-388 | B3: a127 | C3: 14 | D3: a743 | E3: 13 | F3: 2 | G3: 1 | H3: 1 | I3: 2002 | J3: 1 | K3: 37358 | L3: 37428 | M3: 37358 | N3: 101 | O3: 37.357723
A4: 99-1324 | B4: a160 | C4: 11 | D4: b185 | E4: 8 | F4: 2 | G4: 2 | H4: 1 | I4: 1999 | J4: 0.5 | K4: 36327 | L4: 36397 | M4: 36327 | N4: 163 | O4: 6.6613381e-15
A5: 05-318 | B5: a204 | C5: 16 | D5: j199 | E5: 5 | F5: 2 | G5: 2 | H5: 1 | I5: 2005 | J5: 0.5 | K5: 38489 | L5: 38559 | M5: 38489 | N5: 134 | O5: 6.6613381e-15
A6: 05-606 | B6: a213 | C6: 16 | D6: f442 | E6: 9 | F6: 1 | G6: 1 | H6: 1 | I6: 2005 | J6: 1 | K6: 38501 | L6: 38571 | M6: 38501 | N6: 148 | O6: 6.6613381e-15
A7: 95-400 | B7: a239 | C7: 6 | D7: a763 | E7: 6 | F7: 2 | G7: 2 | H7: 2 | I7: 1995 | J7: 1 | K7: 34831 | L7: 34901 | M7: 34831 | N7: 130 | O7: 23.396154
A8: 01-971 | B8: a239 | C8: 12 | D8: a763 | E8: 12 | F8: 2 | G8: 1 | H8: 1 | I8: 2001 | J8: 1 | K8: 37016 | L8: 37086 | M8: 37016 | N8: 129 | O8: 0.080154375
A9: 95-853 | B9: a248 | C9: 6 | D9: b185 | E9: 4 | F9: 2 | G9: 1 | H9: 1 | I9: 1995 | J9: 1 | K9: 34873 | L9: 34943 | M9: 34873 | N9: 173 | O9: 7.2629
A10: 93-655 | B10: a252 | C10: 4 | D10: a327 | E10: 4 | F10: 3 | G10: 2 | H10: 0 | I10: 1993 | J10: 0 | K10: 34100 | L10: 34170 | M10: 34100 | N10: 126 | O10: 0.12775445
A11: 01-561 | B11: a252 | C11: 12 | D11: f415 | E11: 5 | F11: 2 | G11: 1 | H11: 1 | I11: 2001 | J11: 1 | K11: 37005 | L11: 37075 | M11: 37005 | N11: 114 | O11: 6.6613381e-15
A12: 95-769 | B12: a259 | C12: 6 | D12: a385 | E12: 6 | F12: 1 | G12: 1 | H12: 0 | I12: 1995 | J12: 0 | K12: 34861 | L12: 34931 | M12: 34861 | N12: 164 | O12: 9.67148
A13: 94-1073 | B13: a270 | C13: 5 | D13: a227 | E13: 5 | F13: 2 | G13: 1 | H13: 1 | I13: 1994 | J13: 1 | K13: 34450 | L13: 34520 | M13: 34450 | N13: 117 | O13: 0.30646545
... A967: 17-585 | B967: x707 | C967: 5 | D967: n973 | E967: 11 | F967: 2 | G967: 2 | H967: 0 | I967: 2017 | J967: 0 | K967: 42807 | L967: 42877 | M967: 42807 | N967: 73 | O967: 34.765867

Sheet BD_bayes
A1: Body_cond | B1: YEAR | C1: FEMALEID | D1: MALE_ID | E1: NEST_ID | F1: HATCH_DATE_Rand | G1: BROOD_SIZE | H1: JULIAN_HATCH_DAY | I1: MIN_SST
A2: 0.042827084 | B2: 1995 | C2: a740 | D2: a017 | E2: 95-145 | F2: 34827 | G2: 2 | H2: 126 | I2: 25.1622
A3: -0.016925862 | B3: 1995 | C3: a327 | D3: b243 | E3: 95-264 | F3: 34826 | G3: 1 | H3: 126 | I3: 25.1622
A4: -0.20855393 | B4: 1995 | C4: a763 | D4: a239 | E4: 95-400 | F4: 34831 | G4: 2 | H4: 130 | I4: 25.1622
A5: -0.29451769 | B5: 1995 | C5: a417 | D5: a534 | E5: 95-254 | F5: 34830 | G5: 2 | H5: 129 | I5: 25.1622
A6: -0.16847106 | B6: 1996 | C6: a286 | D6: a537 | E6: 96-729 | F6: 35183 | G6: 2 | H6: 115 | I6: 25.339941
A7: 0.10841639 | B7: 1996 | C7: a587 | D7: b307 | E7: 96-827 | F7: 35185 | G7: 1 | H7: 117 | I7: 25.339941
A8: -0.044418411 | B8: 1997 | C8: f113 | D8: e326 | E8: 97-1018 | F8: 35546 | G8: 1 | H8: 107 | I8: 25.780137
A9: -0.17684597 | B9: 1997 | C9: c617 | D9: c966 | E9: 97-1126 | F9: 35564 | G9: 1 | H9: 138 | I9: 26.379533
A10: 0.0088518914 | B10: 1997 | C10: b945 | D10: b889 | E10: 97-392 | F10: 35517 | G10: 1 | H10: 86 | I10: 24.526681
A11: 0.18593611 | B11: 1997 | C11: f052 | D11: c529 | E11: 97-990 | F11: 35530 | G11: 1 | H11: 100 | I11: 25.780137
A12: 0.044812723 | B12: 1998 | C12: b125 | D12: a469 | E12: 98-678 | F12: 35921 | G12: 2 | H12: 121 | I12: 25.830966
A13: -0.044418411 | B13: 1999 | C13: f557 | D13: b844 | E13: 99-736 | F13: 36258 | G13: 2 | H13: 94 | I13: 24.657109
... A512: -0.47320948 | B512: 2018 | C512: s988 | D512: x219 | E512: 18-1483 | F512: 43230 | G512: 2 | H512: 127 | I512: 27.953883

Sheet Hprop_CV
A1: YEAR | B1: MEAN_HATCH | C1: CV_SST | D1: CV_RAIN | E1: count
A2: 1993 | B2: 0.70833333 | C2: 1.3624711 | D2: 1.0539066e-06 | E2: 8
A3: 1994 | B3: 0.46666667 | C3: 4.5996971 | D3: 0 | E3: 20
A4: 1995 | B4: 0.61458333 | C4: 4.4020413 | D4: 17.286467 | E4: 16
A5: 1996 | B5: 0.31372549 | C5: 4.1039026 | D5: 0 | E5: 17
A6: 1997 | B6: 0.51111111 | C6: 1.693264 | D6: 0 | E6: 15
A7: 1998 | B7: 0.625 | C7: 4.6675839 | D7: 1.0539066e-06 | E7: 8
A8: 1999 | B8: 0.48148148 | C8: 7.9583227 | D8: 0 | E8: 9
A9: 2000 | B9: 0.75 | C9: 6.3206857 | D9: 299.64652 | E9: 10
A10: 2001 | B10: 0.50653595 | C10: 4.9231933 | D10: 2.9573104e-06 | E10: 51
A11: 2002 | B11: 0.55555556 | C11: 3.1275773 | D11: 282.59123 | E11: 18
A12: 2003 | B12: 0.19620253 | C12: 1.2917046 | D12: 486.81428 | E12: 79
A13: 2004 | B13: 0.58823529 | C13: 0.7759532 | D13: 0 | E13: 34
... A27: 2019 | B27: 0.48639456 | C27: 3.9628195 | D27: 145.71064 | E27: 196

Sheet Fprop_CV
A1: YEAR | B1: MEAN_FLED | C1: CV_RAIN | D1: count
A2: 1993 | B2: 0.5 | C2: 4.0785552 | D2: 6
A3: 1994 | B3: 0.66666667 | C3: 203.86153 | D3: 9
A4: 1995 | B4: 0.41666667 | C4: 48.103652 | D4: 12
A5: 1996 | B5: 0.66666667 | C5: 141.42136 | D5: 6
A6: 1997 | B6: 0.66666667 | C6: 223.6068 | D6: 6
A7: 1998 | B7: 0.41666667 | C7: 29.209972 | D7: 6
A8: 1999 | B8: 0.66666667 | C8: 0 | D8: 6
A9: 2000 | B9: 0.21428571 | C9: 1.513523 | D9: 7
A10: 2001 | B10: 0.60215054 | C10: 306.4637 | D10: 31
A11: 2002 | B11: 0.6 | C11: 25.049046 | D11: 10
A12: 2003 | B12: 0.26923077 | C12: 30.284186 | D12: 13
A13: 2004 | B13: 0.37878788 | C13: 0 | D13: 22
... A27: 2019 | B27: 0.52325581 | C27: 41.537187 | D27: 86

Sheet BD_CV
A1: YEAR | B1: CV_SST | C1: MEAN_Body_cond | D1: count
A2: 1995 | B2: 0.24877114 | C2: -0.058537123 | D2: 6
A3: 1996 | B3: 1.2545074e-06 | C3: -0.11442351 | D3: 3
A4: 1997 | B4: 2.6357167 | C4: -0.0066190951 | D4: 4
A5: 1998 | B5: 0 | C5: 0.044812723 | D5: 1
A6: 1999 | B6: 0 | C6: -0.044418411 | D6: 1
A7: 2000 | B7: 1.1681912 | C7: -0.3402275 | D7: 3
A8: 2001 | B8: 3.1182238 | C8: -0.095295976 | D8: 21
A9: 2002 | B9: 0.018869457 | C9: -0.0085035498 | D9: 8
A10: 2004 | B10: 0.79055965 | C10: -0.31318265 | D10: 13
A11: 2005 | B11: 1.405269 | C11: -0.11936457 | D11: 32
A12: 2006 | B12: 0.96685604 | C12: -0.023591729 | D12: 3
A13: 2007 | B13: 1.4542229 | C13: -0.011119895 | D13: 9
... A22: 2019 | B22: 1.4691329 | C22: -0.19081078 | D22: 54
